时间,区块高度,Hash,尾数,单双,大小
2026-08-06 08:33:00,85101828,0000000005128d04b695dd6b2effa0208388d71dd86f65872fb2e1d3e9183c62,2,双,小
2026-08-06 08:33:32,85101839,0000000005128d0f41709554cc2c9bcdaa355ed09c2a154689383338d64fd67e,7,单,大
2026-08-06 08:34:05,85101850,0000000005128d1af19bc315f615eec9627867a4bd49b277458faf9696398b74,4,双,小
2026-08-06 08:34:45,85101864,0000000005128d28dbbc370b2ddfd1d51a2a0cf95547e8115a4483b7ddf993e7,7,单,大
2026-08-06 08:35:16,85101874,0000000005128d32bc46a7e8806885f94cadc72ad525d07e1c6ead793238ee2a,2,双,小
2026-08-06 08:35:47,85101884,0000000005128d3cea199cb709695a04e8c21b5067daa5397c83c95e9c08b325,5,单,大
2026-08-06 08:38:20,85101935,0000000005128d6fe9b2ee99c3d4e3d1433d18adcded4e1e44e05dc4d876f0a0,0,双,小
2026-08-06 08:39:01,85101949,0000000005128d7da66c6cce344225ad1d8f97ce83ad89ecbcbc33748d40b3ca,3,单,小
2026-08-06 08:39:31,85101959,0000000005128d870d140548fcc7d2a9a05828287898b0272090786ba102962a,2,双,小
2026-08-06 08:40:02,85101970,0000000005128d92d1e366109b695e64d8f666f819dafd29899912cf7802dfdb,2,双,小
2026-08-06 08:40:36,85101981,0000000005128d9d41a50427f00fe1d231c93e874e443d150fca90346b4919a3,3,单,小
2026-08-06 08:41:07,85101991,0000000005128da78530a0bbd74f87c8dbc20a43ef700dd5f934de641d290966,6,双,大
2026-08-06 08:41:38,85102001,0000000005128db14517f00fb06fe86db4efa57567c6514bc238fa32742c8589,9,单,大
2026-08-06 08:42:15,85102014,0000000005128dbedb90351ab6309284473aa24e50d68cab5092493df3e9fd86,6,双,大
2026-08-06 08:42:50,85102025,0000000005128dc9c280fbd6e16623604cbe88bc26ce73e99357300f581e4e7b,7,单,大
2026-08-06 08:43:27,85102038,0000000005128dd686dea7e64e776041e0c341c8708acf2a2b2ef43fe8c1ba1d,1,单,小
2026-08-06 08:43:58,85102048,0000000005128de0343f48226c3f9119bb42d4cc7020780ad3b7ada070b95668,8,双,大
2026-08-06 08:44:30,85102059,0000000005128debf2ccd09eb2c2add5aadfd2fde2d833a71f54f30a9fdb424e,4,双,小
2026-08-06 08:45:01,85102069,0000000005128df556f1fd31c90c38673ee0cce2e17d662e56fd2e61acb64686,6,双,大
2026-08-06 08:45:33,85102080,0000000005128e00ca84fce203d1b6bfd299bb5648730f99465d3917f6982ade,2,双,小
2026-08-06 08:46:07,85102091,0000000005128e0b31ad560684463767410fd2f4e2b7e0bf92c9839352550d90,0,双,小
2026-08-06 08:46:38,85102101,0000000005128e152f7a766df37fb5b567f12d80254e7ab16445ad7358c81c70,0,双,小
2026-08-06 08:47:11,85102112,0000000005128e2007d59c492472aa1e6638def9277bb294d58cf5f7292284b0,0,双,小
2026-08-06 08:47:48,85102125,0000000005128e2dc154e2cdc53a392f15e98b4fdaea1d6bbad9cfbfd1352a87,7,单,大
2026-08-06 08:48:22,85102136,0000000005128e387b2307235626268b8c011d1cf4f6f7942318d671020e7f0b,0,双,小
2026-08-06 08:48:53,85102146,0000000005128e4262b0ef9945722a9ec0f3f1a30d778d5b42cb4eefec3837e9,9,单,大
2026-08-06 08:49:27,85102157,0000000005128e4d50bc11671031a7d2a3b313a5bd3f37e865a3392a27d59f78,8,双,大
2026-08-06 08:50:00,85102169,0000000005128e59bb40a88fd6d43aef625ced62885f6e8851936631140d8ae7,7,单,大
2026-08-06 08:50:31,85102179,0000000005128e630815ab365b17e824e658c0c2eaf65b7202e25f8ed424635b,5,单,大
2026-08-06 08:51:02,85102189,0000000005128e6dedd5a1957cddefe18bba69abb4c60810a9d19ed73763a538,8,双,大
2026-08-06 08:51:40,85102202,0000000005128e7a3ba30788d8fdc7db2df48302be216113682d28b17cbf05ee,5,单,大
2026-08-06 08:52:11,85102212,0000000005128e849ed6bc9c94560fd73c54097989c5fd5583ab9a6d225e1d5e,5,单,大
2026-08-06 08:52:43,85102223,0000000005128e8f0660f2dc989ab6c28a3b5ab567f30f219679f74fd1225115,5,单,大
2026-08-06 08:53:14,85102233,0000000005128e99b28ec76126ea82b227fc7214cadf5c799259b74da2e7ff66,6,双,大
2026-08-06 08:53:47,85102244,0000000005128ea47d6552e41540dba8909577e50830e943f149c1c385d978a9,9,单,大
2026-08-06 08:54:21,85102256,0000000005128eb0e54dc307a29d88d5c456d73bb22bc3246cbd474d12eff771,1,单,小
2026-08-06 08:54:55,85102267,0000000005128ebbd83ec5ed99d15b1c45c2a92447cd0dac93724aa5369c1612,2,双,小
2026-08-06 08:55:25,85102277,0000000005128ec5c90339746d1e59f7deb1c4f755b50dd57b48b9538fd7fa25,5,单,大
2026-08-06 08:56:12,85102293,0000000005128ed501313b7d6cc5152768448a47b622e85cd6fada2921e1e7d0,0,双,小
2026-08-06 08:56:46,85102304,0000000005128ee0165497db5641094e548c0bb4f560f2a7bcf7ddee5b0bec1a,1,单,小
2026-08-06 08:57:17,85102314,0000000005128eea948bde9c45572088f651cd67d7e6ee29ec92f10de0494a05,5,单,大
2026-08-06 08:57:47,85102325,0000000005128ef564c2e2ef51a5781d763ef32f0faeb39cb00fb3b9151614e5,5,单,大
2026-08-06 08:58:27,85102338,0000000005128f025cfef00a472cec3f3153f63e31985586361bd5feaca632c7,7,单,大
2026-08-06 08:59:03,85102350,0000000005128f0e73cae58261927e9f22ad554e84513cef17762f01af83abc1,1,单,小
2026-08-06 08:59:36,85102361,0000000005128f1983937621a300fb1cdd918401d7824fe5526d5e3471ac797d,7,单,大
2026-08-06 09:00:09,85102371,0000000005128f23871dc87c1f5d0f502ab44d928b46ab9d1cfc979251477b46,6,双,大
2026-08-06 09:00:39,85102382,0000000005128f2ecaba03b39a106ef96f043bb91df5bf935d1a401f7ea917db,7,单,大
2026-08-06 09:01:11,85102392,0000000005128f389586dc44c4204fec85930032ea2d2e91b71d62862ab57a3a,3,单,小
2026-08-06 09:01:49,85102405,0000000005128f451c2cb17b12dd1db63372ef7a7230b337285a9df7034113ef,3,单,小
2026-08-06 09:02:20,85102415,0000000005128f4f32743f2cfa99f0f12996e69830d9d7bd7deeea19313068c7,7,单,大
2026-08-06 09:02:54,85102427,0000000005128f5bbc4b68ba0a2ecb5438698ba8380a19f7e2cbcc599ff5cde2,2,双,小
2026-08-06 09:03:29,85102438,0000000005128f66f8d93e385a17135729537a31a71b9c7dbed4399a274d18d6,6,双,大
2026-08-06 09:04:00,85102449,0000000005128f7165836dc1f5d6317ce0949a6ebc8bb7eef18ff9cd74256776,6,双,大
2026-08-06 09:04:32,85102459,0000000005128f7bc804f7488f8fe66b90b111d949f589881d9d330ca30ac3c7,7,单,大
2026-08-06 09:05:10,85102471,0000000005128f878ffccf6b4e6715904b9495c01f6d5d37323fd869ba2bfd23,3,单,小
2026-08-06 09:05:41,85102482,0000000005128f92c95def2687a5f8d6036d4a4fcb1352ebc576be9ead41d8ce,8,双,大
2026-08-06 09:06:13,85102492,0000000005128f9cb50abfbc012a963f75e3b37338b2a9e4b39d40e5de6b8106,6,双,大
2026-08-06 09:06:43,85102503,0000000005128fa7013e76e70acf623387841c172d28ea2150997fec2b5f6196,6,双,大
2026-08-06 09:07:21,85102515,0000000005128fb3457fa830f84ce1574fc7bd69c09e4b3a05fd18532ff54279,9,单,大
2026-08-06 09:07:52,85102526,0000000005128fbe3c08f78e24cba9900f3d7b3092432cf61d9960fa21741de7,7,单,大
2026-08-06 09:08:23,85102536,0000000005128fc8d019600bf821c7bb772657c4bbaf2dbbab97471da52b8d54,4,双,小
2026-08-06 09:08:58,85102548,0000000005128fd4e4dcf207400212e65235acfa6ade04f540c9ac805bca0ce7,7,单,大
2026-08-06 09:09:29,85102558,0000000005128fdea4a21b64b66240b57b4e8c8cf6170b76a1125b491805e492,2,双,小
2026-08-06 09:10:06,85102571,0000000005128feb08dbf8e76ed9233b526e4025e2757763b932c513cca9f3dd,3,单,小
2026-08-06 09:10:44,85102583,0000000005128ff7559b46fcf94364eb63b0d09e711166524c5bf4691bbc096e,6,双,大
2026-08-06 09:11:18,85102595,0000000005129003c7982b26f6628e17a7baf3a47b7eb7fbba13865a4f8b90b2,2,双,小
2026-08-06 09:11:53,85102606,000000000512900ed9b5f48e1dcd9bc0dab74f95247b97f9cb4e353697c45f18,8,双,大
2026-08-06 09:12:29,85102618,000000000512901a717fb4ff6e57eb06969d73910aac1b0b6fb62790f26bba56,6,双,大
2026-08-06 09:13:07,85102631,00000000051290275ecfabe0b5122396c07974796ae3e320cdac95b39657513b,3,单,小
2026-08-06 09:13:42,85102642,0000000005129032b6ab2c053b076a15c88be1ffea17e1f13314b5608103522f,2,双,小
2026-08-06 09:14:16,85102654,000000000512903ee79c04776b37b0736f07ef75ed81259f2d1e7263de74bd22,2,双,小
2026-08-06 09:14:47,85102664,0000000005129048f328700d5dd9a2b0bfcca5c5ce6d00b6297ddbe856b80c64,4,双,小
2026-08-06 09:15:16,85102674,00000000051290528161a88a632f25cacf664f9fc192a8ec653b11aeed6b58ed,8,双,大
2026-08-06 09:15:47,85102684,000000000512905c8c166172af7c5a8d7b51352cb0d8d8ab907c216d185672c6,6,双,大
2026-08-06 09:16:22,85102696,000000000512906890182a691ecb38f1d485e29b9202c296d851cced533f3e37,7,单,大
2026-08-06 09:16:53,85102706,00000000051290720279cc97d4ed1ac470518a137b5c20943b85e81bbea93bf4,4,双,小
2026-08-06 09:17:33,85102720,000000000512908058703293cb0a1bb115fb6cd25faf199d561df9af2927a884,4,双,小
2026-08-06 09:18:05,85102731,000000000512908bb9516b386c8e4ba937f68d51fb624065633aab91bdc107a7,7,单,大
2026-08-06 09:18:45,85102743,0000000005129097529c661a780a102fb1a328016d26829ba77e794ed8ca9ad9,9,单,大
2026-08-06 09:19:16,85102754,00000000051290a2ba5042f68a774024d9eba3259340985cc19bafa1ccab9180,0,双,小
2026-08-06 09:19:46,85102764,00000000051290ac57d739bc5043ba32a93b29a29d0deecb45350299d037a339,9,单,大
2026-08-06 09:20:20,85102776,00000000051290b8a48f06c5ab1dfccab53daf318289405e43a8139e8ad22bdc,2,双,小
2026-08-06 09:21:00,85102789,00000000051290c52d92a56750f080aa00d58a550e97d2025dabaf2dbb4d183b,3,单,小
2026-08-06 09:21:35,85102800,00000000051290d077de0ad5a3888ea2d05bd8972527e3f13dd23e25be504b09,9,单,大
2026-08-06 09:22:06,85102810,00000000051290da647f2d219f28b0e4dd861b03cd52e490a66aef5aefdda9e1,1,单,小
2026-08-06 09:22:37,85102821,00000000051290e5f4d55a857c161a1391b0396751ceb53ba9cc02cae8e675d1,1,单,小
2026-08-06 09:23:08,85102831,00000000051290efe2007e788d007dd7303498aec271c571a481263ec9537f85,5,单,大
2026-08-06 09:23:51,85102846,00000000051290fe1acb8eff31e48a9386bddb6e0345ebcee7d51f3426f20b5e,5,单,大
2026-08-06 09:24:25,85102857,00000000051291097fbafb8cd86f830edbffa360ac4c0319ebee3132566700fe,0,双,小
2026-08-06 09:24:57,85102868,0000000005129114c516049f98375f690bafbef37252c361fce656a99bf81b91,1,单,小
2026-08-06 09:25:28,85102878,000000000512911ee32eb66d55e5a77a3c9a3f81f2e2f03355e8a31f06f427e4,4,双,小
2026-08-06 09:25:59,85102888,0000000005129128745113aeabb6059c4983980989a7ed21654e752329e3b5fd,5,单,大
2026-08-06 09:26:33,85102900,000000000512913480e409a29cff8843c05ff131c49d34db6288419e49947f2a,2,双,小
2026-08-06 09:27:07,85102911,000000000512913f6141afc4764a5009a109aec4fb13b64c3b6731150c106c88,8,双,大
2026-08-06 09:27:37,85102921,000000000512914954fc46acea441dcbd13b4e33d9ed070fabaca9b2ecc5f1ed,1,单,小
2026-08-06 09:28:09,85102931,0000000005129153e7013cdeedddf014a81408b3b126066523585fee57bb9e02,2,双,小
2026-08-06 09:28:43,85102943,000000000512915f1211e0427017c488b9bed4ee6b2d664f5eed43f2852bccec,2,双,小
2026-08-06 09:29:14,85102953,0000000005129169be2f7a170b8592bae2512ddf53147e12e30649912b5e4a9c,9,单,大
2026-08-06 09:29:48,85102965,000000000512917556eb35f1573c89ffc0aa1968c60f644b81841616f678727a,7,单,大
2026-08-06 09:30:26,85102978,0000000005129182fc9c5904f69f00f1a2873493100fd7fbf9df50fe04847979,9,单,大
2026-08-06 09:31:01,85102989,000000000512918d92999c3fbbe89c2dd489329aef897c7a51d333d93fa4c58d,8,双,大
2026-08-06 09:31:32,85102999,00000000051291975ae155ae6a560e64deb9e714daed90ffc6d1c6562c16e659,9,单,大
2026-08-06 09:32:09,85103011,00000000051291a30f8733702ed03c6abd619f5aa33f96537221d905fbbfb4e3,3,单,小
2026-08-06 09:32:41,85103022,00000000051291ae03da2c2ba75d6ebc50dbe2b8d8ae9c01a0588209df084924,4,双,小
2026-08-06 09:33:21,85103035,00000000051291bb8a363e2ff6664b23bb884f3957c0533ce25f3b9277e94efc,4,双,小
2026-08-06 09:34:02,85103049,00000000051291c90dec2ea39fab54c79acc33d261a57459597e0935a1f304d9,9,单,大
2026-08-06 09:34:36,85103061,00000000051291d5c1396e02ee381246f27427c8bbb1339d49af1a340c14001b,1,单,小
2026-08-06 09:35:08,85103071,00000000051291df34cdfeed058ea2554ba21dab198658b028cf3c236581a6ae,6,双,大
2026-08-06 09:35:42,85103083,00000000051291eb1952d6c042d8dd9d4b917e0cf651afce73433377f6746c40,0,双,小
2026-08-06 09:36:13,85103093,00000000051291f51bbc4f35d5262b595b0b0250b591901ed39c79f009607528,8,双,大
2026-08-06 09:36:48,85103105,00000000051292012fcc34628b2aa253f5278fd4bca403896d5452ad1575ca90,0,双,小
2026-08-06 09:37:24,85103116,000000000512920cc9569127f5234637551ccdce52cf952d80c64c53303a313c,3,单,小
2026-08-06 09:38:03,85103130,000000000512921a5b363e23a1a1b37eddb759aa80da3229bd777e38b6003665,5,单,大
2026-08-06 09:38:35,85103140,00000000051292242d5d558fda536bda5952ebc577d961dfb0a5fed9875d15c6,6,双,大
2026-08-06 09:39:08,85103151,000000000512922f25b16df153bd33eef86bca1603c50137edc94a896ab096cb,6,双,大
2026-08-06 09:39:40,85103162,000000000512923a6e307b6aa2a5959256c4ee0e616b9b360adfa0cacbac2e69,9,单,大
2026-08-06 09:40:11,85103172,0000000005129244d9f6c7ebfe377f2b80c4506d738859d097b5c08601dd0b98,8,双,大
2026-08-06 09:40:46,85103184,0000000005129250730d76447432b5482bfad241bee1556bbe13f74e4b94522f,2,双,小
2026-08-06 09:41:18,85103194,000000000512925ab4d72ffdeb4ac9658bec851d79cba1e440b74cdb2878aeff,8,双,大
2026-08-06 09:41:48,85103205,00000000051292654f3f25af434e01935ebbbb274da5ae66817dedd0d645a82a,2,双,小
2026-08-06 09:42:19,85103215,000000000512926fba1823cccdb688de25c1e1473fbbe4b1ff5a30e0e449ce83,3,单,小
2026-08-06 09:42:49,85103225,0000000005129279439a4208a25c55e648b5cd4785309ac76c732700e117a576,6,双,大
2026-08-06 09:43:24,85103237,0000000005129285f32bda5ba7ef51760c2697ee2ceb5b46558fe596f8995cb1,1,单,小
2026-08-06 09:43:57,85103247,000000000512928fb9691a2ac23e6229627872f86f137435b94d97d9bf0b217d,7,单,大
2026-08-06 09:44:28,85103258,000000000512929aca8128918c329b9fc30d1d4ea88bb3b15b97f17ba0007d07,7,单,大
2026-08-06 09:44:59,85103268,00000000051292a4a48b68e3e16fafe6ba314b5b224cc14175efd92b520f65a9,9,单,大
2026-08-06 09:45:34,85103280,00000000051292b0e0181709a72e245f4d33b385343e9740483d68980170602d,2,双,小
2026-08-06 09:46:12,85103292,00000000051292bc4a6a7050decf0dabcb77e622f4a22dd02dbbaaf1669b4eaa,4,双,小
2026-08-06 09:46:47,85103304,00000000051292c8b275adad144c96377e1bf9f1feecf2a433fa47faa223df1b,1,单,小
2026-08-06 09:47:18,85103315,00000000051292d3912b707502d717872df81bd05b74170d09edb928b7bed287,7,单,大
2026-08-06 09:47:49,85103325,00000000051292dd7a41a8069862dbddba670194d4a4c8ec8ee0cc35a5c76766,6,双,大
2026-08-06 09:48:21,85103336,00000000051292e8a0b1040dfadc737c82a3fb27b6f453e97c568eed4630f9bc,9,单,大
2026-08-06 09:48:58,85103348,00000000051292f4287644024f6453e514a16f3efe68bb5137988ea0f9e55e25,5,单,大
2026-08-06 09:49:33,85103360,00000000051293008b8ccc12f4fc36cd58ca0738cb04379b3966d75e259d09cf,9,单,大
2026-08-06 09:50:10,85103372,000000000512930c35960f75837519e6613898ee4a57ec0ca658426ddeae1f6e,6,双,大
2026-08-06 09:50:40,85103382,00000000051293164769680f85026e8f1671ce18f6debbc3b4de90891b9fa562,2,双,小
2026-08-06 09:51:12,85103392,000000000512932065348267fbf03235366f092a0f9609b6977c12e6e3e1f361,1,单,小
2026-08-06 09:51:43,85103403,000000000512932b89cfd246c86ea487c170b29d0b00cd334ebe86e9c31d3847,7,单,大
2026-08-06 09:52:20,85103415,000000000512933782675a3b1e75d685a3b09640d00ad88c171f534f22260fc1,1,单,小
2026-08-06 09:52:54,85103427,00000000051293439954a893e22ca8249910040a5b8ee6c4558a2d7d93d2b7d8,8,双,大
2026-08-06 09:53:32,85103439,000000000512934f612372ef650fc67d6fd55202e4c58ed214544cf688b3e1da,1,单,小
2026-08-06 09:54:07,85103451,000000000512935b38655e0a9bc4d55dfb9395136b194fb25abf2200567e7d86,6,双,大
2026-08-06 09:54:37,85103461,000000000512936596c8f3427913af7c2a2749402cac8bfc2c84ac7c63003f03,3,单,小
2026-08-06 09:55:08,85103471,000000000512936ff5327d6fdade024a31a22ef27927e32b5a683adf77ca29e8,8,双,大
2026-08-06 09:55:45,85103483,000000000512937b8b1bccff16ae2900609990a0086635623b7ea8205131f1ba,1,单,小
2026-08-06 09:56:19,85103495,0000000005129387af3c8369585596d3cb14f4b282a3661237fa9f3e199f3ecf,3,单,小
2026-08-06 09:56:49,85103505,00000000051293918385e2d5ed556a340659e17ec04f9bb8f10d002c1b4eea17,7,单,大
2026-08-06 09:57:26,85103517,000000000512939d6f3cbd5cbdecfbaf0ddca709e4b378ce33e03e5ca638995b,5,单,大
2026-08-06 09:58:00,85103529,00000000051293a9c6e98da02eed1fb9c6cd9f271273a78f6b780c7e9033a503,3,单,小
2026-08-06 09:58:32,85103539,00000000051293b31909d796429aa18810bb6515bd63fc2eeaf942344b05fd7c,7,单,大
2026-08-06 09:59:02,85103549,00000000051293bdea34988b99b88b898cd2c0d0e1dd671b74fd55c3e367764c,4,双,小
2026-08-06 09:59:42,85103563,00000000051293cbd4f5ed78c81e99611f9d9dfccc5a96ba7c1c8f5bd41547fb,7,单,大
2026-08-06 10:00:16,85103574,00000000051293d609cd94a17c9762546f5dd97a5b567edbdab2ac779af5f9f8,8,双,大
2026-08-06 10:00:50,85103585,00000000051293e173f9fea5d2c301107309c778313f6cd0904cb291ee0bf222,2,双,小
2026-08-06 10:01:22,85103596,00000000051293ec9cba351e32f2216237fbd2ccd6e59aa43ebe1ecb1311054f,4,双,小
2026-08-06 10:01:53,85103606,00000000051293f6f92bbcafe59680006510d9be61b7879bc8eb3c887089e629,9,单,大
2026-08-06 10:02:25,85103617,0000000005129401eb4e3fedd3fd5d17c7451c7197dedf7b6250d0d2f9df4c53,3,单,小
2026-08-06 10:02:56,85103627,000000000512940b4c5269c52b082aa8ad3d0d99fde39a2dc66736773b35bff8,8,双,大
2026-08-06 10:03:37,85103641,0000000005129419f77b13d6d7b28928efc36766169c343a9efb06792a919d5c,5,单,大
2026-08-06 10:04:08,85103651,0000000005129423429325e8d97dd0cdce0a4a07fe805ec2fee3059acafb92d5,5,单,大
2026-08-06 10:04:44,85103663,000000000512942ff0e39a3808b30004bd99386ac8255ee64488ea536c06a004,4,双,小
2026-08-06 10:05:27,85103678,000000000512943eac29b2b2ff4b9cea8c9245ffd91f082b66a9d79d96eeb38d,8,双,大
2026-08-06 10:06:01,85103689,0000000005129449c3775a8eecd3d2cf9fef3345ba7ac00a95d977f2ea5f01ac,1,单,小
2026-08-06 10:06:35,85103700,0000000005129454618b2f259bb2a4ca29b91280177dbeaa374b83c701f45a02,2,双,小
2026-08-06 10:07:08,85103711,000000000512945f3b3b4eaf515a384c2a44c58b2891c58f027e72f94e962f70,0,双,小
2026-08-06 10:07:44,85103724,000000000512946c731b414e02b9d8ab22252a947be302a52aaf1124abe3aead,3,单,小
2026-08-06 10:08:23,85103737,0000000005129479f5b75d375edf29a26ed6910e1bd6b34079d0bd2f1460cb83,3,单,小
2026-08-06 10:09:00,85103749,00000000051294851223f3394f510f243c920afdedb4ef70c13672c6c9f3d86e,6,双,大
2026-08-06 10:09:31,85103759,000000000512948ffde63c82f2927bebe9da444f3f4549406432f754692ce234,4,双,小
2026-08-06 10:10:04,85103770,000000000512949a9694eee70a07360564b63a3ee440595dd2eff16e3a6dbba8,8,双,大
2026-08-06 10:10:26,85103777,00000000051294a1cb005876bbf52e314b5c03a6abd2efe0c73b9f0975cab504,cab504,4,双,小
2026-08-06 10:10:41,85103782,00000000051294a68414725f7ad22d84f3b4cfa8098728b9eed493f84053a63d,3,单,小
2026-08-06 10:10:59,85103787,00000000051294abe671729c6126ffc802a090b7aff236cd6ff4786435044a65,044a65,5,单,大
2026-08-06 10:11:17,85103794,00000000051294b2592cf6efa25cbaf72285f3b7ac552001c828ed345c71477b,7,单,大
2026-08-06 10:11:32,85103799,00000000051294b76d120afc7cc764c1f821c371606e1687d15dc45b9eee672d,ee672d,2,双,小
2026-08-06 10:11:54,85103806,00000000051294bed4250eae6bb88ec8ae5e7caa9de5fad0103d177b677e575e,7e575e,5,单,大
2026-08-06 10:12:12,85103812,00000000051294c405713abb101233f2968dbe2bd0301944e27c62414b41c508,8,双,大
2026-08-06 10:12:29,85103819,00000000051294cbd34f81259f18f65b6ad5bebe48614edaa1a59896c1e9afa1,1,单,小
2026-08-06 10:13:00,85103828,00000000051294d40339e770eba2da62abcc1b3c1bfa8eb4570c72e6dbd9845b,5,单,大
2026-08-06 10:13:34,85103840,00000000051294e0d2a9071aa93d1c363d5d5f641c01a961676d840a58c70c0f,0,双,小
2026-08-06 10:14:05,85103850,00000000051294ea76ecace972c7a3f6b61dfa6107687c5fb27ccdc74cec33ca,3,单,小
2026-08-06 10:14:45,85103863,00000000051294f7a197ae264db784618fd94612f20df08c4fbbe988118b5801,1,单,小
2026-08-06 10:15:18,85103875,0000000005129503a89bdb0eae6c385ac4a811e97487881d05defa6e4380bdfb,0,双,小
2026-08-06 10:15:55,85103887,000000000512950f2fb6d89fc28ac88527b15e753e73031a0a139befde09c553,3,单,小
2026-08-06 10:16:28,85103898,000000000512951a8f8af0389695c045139e7fe24c607d1d9ebe262862b3d7fe,7,单,大
2026-08-06 10:16:59,85103908,0000000005129524aae0b3ecdd5fc28e9b385256590cbe92e56377d37f04077b,7,单,大
2026-08-06 10:17:32,85103919,000000000512952fe68e628469d1eab6293bd41025aaca15ce9a1b4fc3e6e7c2,2,双,小
2026-08-06 10:18:02,85103929,00000000051295393431ca3d5d0f3cc121366900b2e93891da0ae281f956a378,8,双,大
2026-08-06 10:18:35,85103940,00000000051295441e74c290a25cce86fe58d02ad0a9700bd2cf5c3fe453aae1,1,单,小
2026-08-06 10:19:09,85103952,0000000005129550836c629f1e7ad1390318d6726938e1ef93c3d14c5dc8f48c,8,双,大
2026-08-06 10:19:45,85103964,000000000512955c9447177efd03ad5e36e6306f9da6c938b2a68bec97f2e12f,2,双,小
2026-08-06 10:20:22,85103976,000000000512956879b2d96afaa5377024caf90e6b84ba0b710dbae1f44f7cc0,0,双,小
2026-08-06 10:20:53,85103986,0000000005129572e745aaf8ab2fff6b842f7f6f23fff6e0bb37215141780804,4,双,小
2026-08-06 10:21:23,85103996,000000000512957c8b33a5a976f96489675b1a222a9b8e5b23aa41cac275cecd,5,单,大
2026-08-06 10:21:53,85104006,0000000005129586ec9bdd00401569c4f58ce0eb519a41ffc0b030812a5ae7fa,7,单,大
2026-08-06 10:22:26,85104018,00000000051295923feef5bbb3ef61ac25a94e08d617daccdd9bc6c725ee5448,8,双,大
2026-08-06 10:23:05,85104030,000000000512959e0bee552dd7eecd7bf87dfbad02717898e0ce8cdd129223dc,3,单,小
2026-08-06 10:23:44,85104044,00000000051295ac7f572e959f5d45af80eb8f09df4b0b261ea8b9bc62e09fee,9,单,大
2026-08-06 10:24:20,85104055,00000000051295b76bad28a0e8a2c9c4a870f6318bd496668d968d0aa013451f,1,单,小
2026-08-06 10:25:03,85104069,00000000051295c551deca21ff0067c92c56edf4471e32b541978d412da58fbe,8,双,大
2026-08-06 10:25:34,85104080,00000000051295d0b4b63131f34365af3cd57e9c74e4ffd56fddbe02ddf9fded,9,单,大
2026-08-06 10:26:04,85104090,00000000051295dab9d9106fcb17b06893f6709926cffa9b2233876929aa00b8,8,双,大
2026-08-06 10:26:35,85104100,00000000051295e4b3ea919c4c914dee9bac5dafce7db57dcdbf49cfac3bbd92,2,双,小
2026-08-06 10:27:05,85104111,00000000051295ef5ea015094685853ce06fa8040ef4a9f2fe49b390b39f0376,6,双,大
2026-08-06 10:27:41,85104123,00000000051295fb33ce3a8f9b477889bf33b60251c68e7ef60f9cb786f14145,5,单,大
2026-08-06 10:28:17,85104134,0000000005129606205489609bdcff296566274b354b2e319cbbe18d80291956,6,双,大
2026-08-06 10:28:53,85104146,0000000005129612d490f75842182b2a9253c574bd51e7a76f2342504da7bcde,7,单,大
2026-08-06 10:29:29,85104158,000000000512961e321277099767764fba81c40c376428591eadf3c82bd77200,0,双,小
2026-08-06 10:30:12,85104172,000000000512962ce5f501b0fe9d8c5be25addaeca05f34ec47dbbd126a2df40,0,双,小
2026-08-06 10:30:46,85104184,0000000005129638afe1bd9671406374ccd9f4bd43a8bbb2f162f4b667fc5a24,4,双,小
2026-08-06 10:31:22,85104196,0000000005129644c5e244282246a9dffa64d36fc1f6b11fcb0b7fcd5c0cf649,9,单,大
2026-08-06 10:31:55,85104207,000000000512964f91bb5fe972d1da21e50f64bae22c2e3f3aebe3c7054b1838,8,双,大
2026-08-06 10:32:26,85104217,00000000051296594623d291a479b5af7621c31842da758dce2116353d8a9a49,9,单,大
2026-08-06 10:32:59,85104229,0000000005129665ff9e55d69690d77e1c33d190aa2c07d2b1ebdc3477e1fef2,2,双,小
2026-08-06 10:33:34,85104240,000000000512967039ee632a2a2c364a7c54e8408aae73e1cfdb4c99365721f6,6,双,大
2026-08-06 10:34:04,85104250,000000000512967aed859e4d177afc5c16abd2cfe142358c43a0a70c54a9fe21,1,单,小
2026-08-06 10:34:54,85104266,000000000512968a8f87a4f9bab26228d8cf45296df94d2c55333d93c0c44b4d,4,双,小
2026-08-06 10:35:53,85104286,000000000512969e23ff8a00f62393900bc008f70ffd05a2ad1a25cca98b3936,6,双,大
2026-08-06 10:36:35,85104301,00000000051296add2faa40bdff4e68eae34fd7b544a3b3e1dcb623c1df629cb,9,单,大
2026-08-06 10:37:12,85104312,00000000051296b8e1b3cddd5b9d219254edef4804c1a2c4fcb994342e3c7573,3,单,小
2026-08-06 10:37:49,85104325,00000000051296c54fdd3de1931e7cbf5f07281e879b9e946e931ac3d73f9e48,8,双,大
2026-08-06 10:38:24,85104337,00000000051296d13520b305cb1d695e37fc944a4fd25fa83af66cf310163859,9,单,大
2026-08-06 10:38:55,85104347,00000000051296db3eee8d52ffa4eee74fa03a066ad7634c38cac832b9ffddd5,5,单,大
2026-08-06 10:39:25,85104357,00000000051296e577fff57c87e5604ae91a6a52b11b6c75baa946b9bb2ae8b2,2,双,小
2026-08-06 10:40:06,85104371,00000000051296f3b1833293583a08ae3cf1c1064dd558964bc3a3dfc8d93a92,2,双,小
2026-08-06 10:40:41,85104382,00000000051296fe7a6a9e9b868269a58eeaf616926d6a0c5dbd937975b39373,3,单,小
2026-08-06 10:41:21,85104396,000000000512970c1ae359ec51c71c1add17fb0b8ec7f890880ba9145d11393a,3,单,小
2026-08-06 10:41:57,85104408,00000000051297184eec5c9f479a4ad600e42f309754c45247968023bed008de,8,双,大
2026-08-06 10:42:33,85104420,00000000051297246c3a3fa237e29692f4df08a358e0fd3db051753d2b7e1ed1,1,单,小
2026-08-06 10:43:07,85104431,000000000512972f603557a79f0779c9975c40815b12933e25b1443a984eb79f,9,单,大
2026-08-06 10:43:37,85104441,0000000005129739ed2e1c068a99795e272ba9cbb0309a1ee63aaa378d9401a6,6,双,大
2026-08-06 10:44:11,85104452,00000000051297448baf1d1a081cf8e546daa546b50cda25e11ac48f3ef227b8,8,双,大
2026-08-06 10:44:44,85104463,000000000512974fca5bc732c4aa933e322421df6de4e25cc8215265d7de97a5,5,单,大
2026-08-06 10:45:13,85104473,0000000005129759ef2b696444bc44fb0248d171501d73495b86e8474e3b723a,3,单,小
2026-08-06 10:45:43,85104483,0000000005129763701b9c872beb5ea10fa1321273f55043283be89ab4fca8d5,5,单,大
2026-08-06 10:46:14,85104493,000000000512976d33cb99d6c8602b45e7b4d88c35255b6214c9af3cb8b43556,6,双,大
2026-08-06 10:46:44,85104503,0000000005129777e51c6221ee35fabe3426314a9d0a52024836c2468573645f,5,单,大
2026-08-06 10:47:15,85104513,000000000512978184f18b84949843d735933f81f6ceb0bbad81d55599eec350,0,双,小
2026-08-06 10:47:54,85104526,000000000512978e66c41d9056a0461487bb775e13ab2048191d75dc1f8fb04c,4,双,小
2026-08-06 10:48:30,85104539,000000000512979b29d2c20028669a8140e537173ceb71bcfe89f06e955af1b5,5,单,大
2026-08-06 10:49:16,85104554,00000000051297aab3ff56f690fc7ce82c3c52d9501da235e3f4a9a6c8ef81e3,3,单,小
2026-08-06 10:49:49,85104565,00000000051297b5d24ce0b8d5bf02d67b74aa43b500abc4123ad79af0231225,5,单,大
2026-08-06 10:50:19,85104575,00000000051297bfded1e6fe8da5e959cafb207eea47cbb2079819b93df1b2f5,5,单,大
2026-08-06 10:50:49,85104585,00000000051297c9740b166712a3aaa70601afda241db429d40fa99e8843621d,1,单,小
2026-08-06 10:51:19,85104595,00000000051297d379f9d0f9c73f162f4dda62ff1acddf19731a2a45b0065e01,1,单,小
2026-08-06 10:51:53,85104606,00000000051297de738c07e64227389cf8bc21593a737419c19f0c1f9ef0c5cf,5,单,大
2026-08-06 10:52:29,85104618,00000000051297ead0a7e3a1890c2f3136bfa115bb7d9b7ba89c6dfab60d1486,6,双,大
2026-08-06 10:52:59,85104628,00000000051297f49f8e439f37190ce2d41f47068abb1e970730e03ce4a2b48b,8,双,大
2026-08-06 10:53:32,85104640,0000000005129800a74454457089f0dfd222d8ba937f54b7de3a417b2d6ec821,1,单,小
2026-08-06 10:54:11,85104652,000000000512980ccb0cb929d6acf484e7c6ba1af86442695bba79d8365b4374,4,双,小
2026-08-06 10:54:48,85104664,000000000512981880a2cfff7b65bf72b1b6c64ac0067293eab9234120616e3a,3,单,小
2026-08-06 10:55:24,85104677,0000000005129825ca4dc4557437cbb4d6c6c1b1f038150219d63468e78f564e,4,双,小
2026-08-06 10:56:04,85104690,0000000005129832e8c066f39b9489afc670f673892248c3d198b8b91d78cab3,3,单,小
2026-08-06 10:56:34,85104700,000000000512983c567caa1f1dfc6796524d5c63d937f90b1839b83fd506688f,8,双,大
2026-08-06 10:57:05,85104710,0000000005129846d30a954bbfe67531f8d5dcc4dce39f1bb128545365012580,0,双,小
2026-08-06 10:57:50,85104725,00000000051298551d314e348b1ec1ddec3fc0b681ff4cf5e589b461d23cb48e,3cb48e,8,双,大
2026-08-06 10:58:27,85104737,00000000051298615d95c81edd259a606ef6758807546f62ebc00ea72d4db8fe,4db8fe,8,双,大
2026-08-06 10:59:04,85104750,000000000512986ec3b057e184bd2875a73d82374134267f29c3b9a23cff4349,ff4349,9,单,大
2026-08-06 11:01:08,85104791,000000000512989751e6c0c0a3fe9a14104e21a8fb844c193cf26169801cc6f4,1cc6f4,4,双,小
2026-08-06 11:01:48,85104804,00000000051298a431980af5f42c5544f820c9d6450a477485201cb4056531e8,6531e8,8,双,大
2026-08-06 11:02:25,85104817,00000000051298b13bbe6fbadc49790f24bbd04e1147528a96a72513722f2fc8,2f2fc8,8,双,大
2026-08-06 11:03:02,85104829,00000000051298bd74d453ec1acd76f24d95c63d657639bd6872be2fd90fec9a,0fec9a,9,单,大
2026-08-06 11:03:39,85104841,00000000051298c9fd4c4c4d58644bdd262a9d71e84fa427e2772118dcf0fb65,f0fb65,5,单,大
2026-08-06 11:04:23,85104856,00000000051298d81dd0bdb05e5d1e9117b80b57abfd1523bc48c3b058cb32fc,cb32fc,2,双,小
2026-08-06 11:05:04,85104870,00000000051298e6554bfe69d442e5a730f07aae4e58f1211ba2a39c74167584,167584,4,双,小
2026-08-06 11:05:41,85104882,00000000051298f24122359163bae3af59e23e1fdb4cbe79c6951dee53dc2ccc,dc2ccc,2,双,小
2026-08-06 11:06:18,85104895,00000000051298ff6f3de94d35d1b2af5d9a3cd462cbd3a93db7b2796433c8f3,33c8f3,3,单,小
2026-08-06 11:07:02,85104909,000000000512990da2a5e0ddb5a48232bfd5187ada3414b8819bee29f09db569,9db569,9,单,大
2026-08-06 11:07:39,85104922,000000000512991a2ec332a559a24fa5bb16db04b3aba0680bd54c467941eca9,41eca9,9,单,大
2026-08-06 11:08:20,85104935,0000000005129927be070001049bd8891a2bf1741078d9e1b68f54fb301c907d,1c907d,7,单,大
2026-08-06 11:09:00,85104948,0000000005129934e7d38f03eba8b668ddd01a52d376a91e170753fde1486347,486347,7,单,大
2026-08-06 11:09:37,85104961,00000000051299414623fde483c401bc3c897027efb04bedcc6ebcebc86810b9,6810b9,9,单,大
2026-08-06 11:10:14,85104973,000000000512994d504b01c3a3244ab3cf807cc36822a99aeafa88f3685a8039,5a8039,9,单,大
2026-08-06 11:10:54,85104986,000000000512995ad982f3af8e35941736abfb1f781c17cbd82ffaccc5538943,538943,3,单,小
2026-08-06 11:11:31,85104998,000000000512996663af34bb0a3583ff3f5bc55beea64e3ac2cd45fdf5a0647b,a0647b,7,单,大
2026-08-06 11:12:08,85105011,0000000005129973bcd99fe9bf527eff99900ec3542ac813ffec0dd6e8f70512,f70512,2,双,小
2026-08-06 11:12:45,85105023,000000000512997fbe49eecd377c2d53d6241d944364755b9c1717c3ada1eaa7,a1eaa7,7,单,大
2026-08-06 11:13:22,85105036,000000000512998c684ca98f445fc33bb3dbaf9b9e2375d8c8109bc32a6f8d2f,6f8d2f,2,双,小
2026-08-06 11:14:03,85105049,0000000005129999e1896b8abd3fe4505ebb0d2aa57783f41248841779c0d199,c0d199,9,单,大
2026-08-06 11:14:47,85105064,00000000051299a82a9ddd69ddce52b6c16f6f8af3e37ba2619e1c924ab50161,b50161,1,单,小
2026-08-06 11:15:24,85105076,00000000051299b43bc2f21ad46db6d52565014ace6f3ad53f3c0cbf5e4bef7c,4bef7c,7,单,大
2026-08-06 11:16:01,85105088,00000000051299c0f3f635da301f807f266d6a18cbe0b04a74aecb4a2ad1a85e,d1a85e,5,单,大
2026-08-06 11:16:37,85105101,00000000051299cdad87a276cc0878575887c37a14473f57476b000ef8f912ce,f912ce,2,双,小
2026-08-06 11:17:18,85105114,00000000051299daed69e1168d74875d2d58ff3f610147ee61208a99de527aa3,527aa3,3,单,小
2026-08-06 11:17:59,85105128,00000000051299e8c10c753aa32ccbff1dd04381aee1050acc53ec557d8112c4,8112c4,4,双,小
2026-08-06 11:18:35,85105140,00000000051299f4872fa769f96106c698ba8bbdc5ddd9efe48f48de8b7ba25c,7ba25c,5,单,大
2026-08-06 11:19:16,85105154,0000000005129a02cd3f88bef69460b1de434b75f8a6745e7c9180cc6eac685a,ac685a,5,单,大
2026-08-06 11:19:52,85105165,0000000005129a0db3b8586747faeb000fba6ecbf0de8299d8e312cae1b28d56,b28d56,6,双,大
2026-08-06 11:20:29,85105178,0000000005129a1aec7ecd458e5640a626ee175018de0ef2db502002dfa35d89,a35d89,9,单,大
2026-08-06 11:21:10,85105191,0000000005129a27e4cf997905ca35a4075c5c4f97ae14c9c1816937e26121f1,6121f1,1,单,小
2026-08-06 11:21:46,85105204,0000000005129a34573f61d5efa987ecbe704e8bda8fadc4ddd35c9a24d3e07e,d3e07e,7,单,大
2026-08-06 11:22:38,85105221,0000000005129a455e2b0e6d656a0c424d4924db80115ee95cb300de12d5ab1c,d5ab1c,1,单,小
2026-08-06 11:23:19,85105234,0000000005129a5256e19d0b6bb300bb24e167c3e08fe11341e10158becd3284,cd3284,4,双,小
2026-08-06 11:23:59,85105248,0000000005129a600e506640212334c4178a3e16ea5a6fe34db9d59c88a718f3,a718f3,3,单,小
2026-08-06 11:24:36,85105261,0000000005129a6d8d845c65c27e2e19608a898e6b0e5423667fe43e5892727b,92727b,7,单,大
2026-08-06 11:25:20,85105275,0000000005129a7b03e3172831c60a15cb2bd8f4f1529d42f5bc9c725e051721,051721,1,单,小
2026-08-06 11:26:00,85105288,0000000005129a889e358e9ee58dee2be854929a3ca077116d868d22c43206cf,3206cf,6,双,大
2026-08-06 11:26:44,85105303,0000000005129a97c9bc98b7110753db3e7cfde70d1d90da5322242b77f1a6aa,f1a6aa,6,双,大
2026-08-06 11:27:21,85105315,0000000005129aa3238c268eaf30a035130e1ee5caa673905e5c5f8fed11860e,11860e,0,双,小
2026-08-06 11:28:01,85105329,0000000005129ab17b557d08dc3365989b689e1dd09656a28f825b9064539d0a,539d0a,0,双,小
2026-08-06 11:28:42,85105342,0000000005129abe6781aa511113f6e765ccb9aabc7c8768c362eac45e40c665,40c665,5,单,大
2026-08-06 11:29:23,85105356,0000000005129acc35063d6b0e65cb94c06233fa6a2d585970b8ddd4be3cb335,3cb335,5,单,大
2026-08-06 11:30:00,85105368,0000000005129ad86ab893a757f52ae2d6ef6a42496c14c02d55b83ecc0f661e,0f661e,1,单,小
2026-08-06 11:30:37,85105380,0000000005129ae4c4d5eee96373be9ba205b3cf590d88452a5a7b6ea00a1195,0a1195,5,单,大
2026-08-06 11:31:14,85105393,0000000005129af1895421b56877efe5c1f13c166412e6517c6fc9156ae0eb08,e0eb08,8,双,大
2026-08-06 11:31:50,85105405,0000000005129afddaef6b560b03d404eafe0a52ed1eea288b00db4c471b8c95,1b8c95,5,单,大
2026-08-06 11:32:27,85105418,0000000005129b0a0c68ff34e675dbaf9af571a28a2fa229abf26994b78dc8e3,8dc8e3,3,单,小
2026-08-06 11:33:08,85105431,0000000005129b17afa305c6250feef873c6140b4c6d16678d4f955373a215e6,a215e6,6,双,大
2026-08-06 11:33:44,85105443,0000000005129b2386e1fa51c9a4b1ea81d2556d6caf3c0d61cb8de85a4fdfa6,4fdfa6,6,双,大
2026-08-06 11:34:29,85105458,0000000005129b327ccc5bdb62b07264715ea6a4e2ab47d0f7a45145c588cd90,88cd90,0,双,小
2026-08-06 11:35:05,85105470,0000000005129b3e8c5aa5a2bcce78837cdacf5cbc80f8ad00280a425c65452e,65452e,2,双,小
2026-08-06 11:35:53,85105486,0000000005129b4eea1392c6b3603f4c3dc92645a2a172050ebc0bc8b70c45cc,0c45cc,5,单,大
2026-08-06 11:36:31,85105499,0000000005129b5b13007ce674d7b042be5d4d92eef70287a38fcdea26f2dfc3,f2dfc3,3,单,小
2026-08-06 11:37:15,85105514,0000000005129b6a9b8ed030009fcb11c9c64a49fce48b3e42158379ced6063f,d6063f,3,单,小
2026-08-06 11:38:07,85105530,0000000005129b7a4f88c28e3f558e4a308d26aba2e4d1b8d1611d44febb67fe,bb67fe,7,单,大
2026-08-06 11:38:43,85105543,0000000005129b876128edab8b357b509d13be3796350342237813d75115802a,15802a,2,双,小
2026-08-06 11:39:20,85105555,0000000005129b938e9c9cafa14a5942f4e888213fd30f2b0596bd5a26ae8bbb,ae8bbb,8,双,大
2026-08-06 11:39:57,85105568,0000000005129ba0ae541a330911b5c33a1ee91eea54e5b1f80aa383c652cb17,52cb17,7,单,大
2026-08-06 11:40:41,85105582,0000000005129bae6771f16861bdc4481081e46981ba69eec7940f58214a0fc6,4a0fc6,6,双,大
2026-08-06 11:41:21,85105595,0000000005129bbbb63d77dcf513b2bc2c9dabed41a920007ac9ca2e0563820b,63820b,0,双,小
2026-08-06 11:41:58,85105608,0000000005129bc8773d9ddfcbaa18e5475b7c31e76f6ba58d4c6fe3fafe3b80,fe3b80,0,双,小
2026-08-06 11:42:42,85105622,0000000005129bd675bf1cab5b043dac8ddf2b1e58077c673978309453e48513,e48513,3,单,小
2026-08-06 11:43:22,85105636,0000000005129be4d5f4db54daa1578f471e96b637077f79a8e21393cb2196b4,2196b4,4,双,小
2026-08-06 11:44:03,85105649,0000000005129bf12a5beffcc224c4d447ada814aac2e4ea95db3293de3e0eb7,3e0eb7,7,单,大
2026-08-06 11:44:51,85105666,0000000005129c0247b66b61f12134c77463e648368b2c8d4dfad3d440b5ce2d,b5ce2d,2,双,小
2026-08-06 11:45:32,85105679,0000000005129c0f703594ba1004a0333b10fc2b6a17f7a767431ac137abff46,abff46,6,双,大
2026-08-06 11:46:20,85105695,0000000005129c1ff00f88451760c2047f52715eaa71d78bcf95003118d62bbd,d62bbd,2,双,小
2026-08-06 11:46:58,85105708,0000000005129c2c9b42bdb37578969e4c18773e53079a48d99c17fe33f4fa3c,f4fa3c,3,单,小
2026-08-06 11:47:42,85105722,0000000005129c3afffb0d9c1b373b49b50261ba5c01a0118392da23399b61c3,9b61c3,3,单,小
2026-08-06 11:48:19,85105735,0000000005129c4731554f46deda575a58eba3ae7bbf5e46dfabc3f563bf0d50,bf0d50,0,双,小
2026-08-06 11:48:59,85105748,0000000005129c54808ffc618999dff7a512102d9441c91f612147d4a2f2cbf4,f2cbf4,4,双,小
2026-08-06 11:49:40,85105761,0000000005129c6177bf64a4c1f1814522e3b5a2f7cb547df8d5f1b249b179b2,b179b2,2,双,小
2026-08-06 11:50:24,85105776,0000000005129c70a5a2d3f22fa4d7fb2972b8e4786a6af4e294e0e91c1c4fcf,1c4fcf,4,双,小
2026-08-06 11:51:05,85105790,0000000005129c7e56da0b6a5a54f30c097d901f92c7e4c283c1f0bbf8225b92,225b92,2,双,小
2026-08-06 11:51:41,85105802,0000000005129c8a6e86b91927c25ca1e026f2f95d0887e948e9297aff9b5d5a,9b5d5a,5,单,大
2026-08-06 11:52:18,85105814,0000000005129c9688f81dac59e483e0e4201ea3a4b881e816630411273794ad,3794ad,4,双,小
2026-08-06 11:52:59,85105827,0000000005129ca3839100a8d84d5ddc2727543f13c467be5b393ed7946d4f2e,6d4f2e,2,双,小
2026-08-06 11:53:36,85105840,0000000005129cb0bf81996135513be7a41822495ea4b6fc7699949038a2872f,a2872f,2,双,小
2026-08-06 11:54:16,85105854,0000000005129cbe7bef372af547f4079fa47d4d1713219ae9cd98526bae8486,ae8486,6,双,大
2026-08-06 11:54:56,85105867,0000000005129ccb39b8b690c0d8e0326fbc58ab39ec16454dae567ca044b6fa,44b6fa,6,双,大
2026-08-06 11:55:33,85105880,0000000005129cd8e34ad796a08c05a98b311d5bc30541ecca0c095db2f6332a,f6332a,2,双,小
2026-08-06 11:56:10,85105891,0000000005129ce3c46f0c52537fd675c89ac1f023735fbc47bb91031a9fca8e,9fca8e,8,双,大
2026-08-06 11:56:51,85105905,0000000005129cf173878665cfe4aabbb9509de691e0251d300d469f6b425e60,425e60,0,双,小
2026-08-06 11:57:27,85105918,0000000005129cfe2636554a7c6b68f876d3559a4cea8ff248be42ec821fbbe4,1fbbe4,4,双,小
2026-08-06 11:58:15,85105934,0000000005129d0e44ff2436fc664e2de6ce20004e285b271410bb1eb7264229,264229,9,单,大
2026-08-06 11:59:00,85105948,0000000005129d1cd59387a2235b0ba3c7ba671b9a7c505f24650f48ec6e6e9c,6e6e9c,9,单,大
2026-08-06 11:59:37,85105960,0000000005129d2894e07986adbead27d96fd138eba613c3d31200171fb7e315,b7e315,5,单,大
2026-08-06 12:00:13,85105973,0000000005129d3594f168f68bbe0256170801e52145168516fc33105c8623b0,8623b0,0,双,小
2026-08-06 12:00:54,85105986,0000000005129d427104d5dd2ba093de9467978e1225543bac9cecb337c69e06,c69e06,6,双,大
2026-08-06 12:01:34,85106000,0000000005129d50cc489830b6271cde87b4afed14e4ef2f4a082fd9d0c310db,c310db,0,双,小
2026-08-06 12:02:11,85106012,0000000005129d5ce1dec32bb597fa88933ae677be12504cccd55ff13a43cb97,43cb97,7,单,大
2026-08-06 12:02:52,85106025,0000000005129d6978cdd4d567bfaa258b5db325e1540c048e061e72597333cf,7333cf,3,单,小
2026-08-06 12:03:33,85106040,0000000005129d78e65a7bc5f9c4e3fcdffa4e512a52027593d49fa37febc6b2,ebc6b2,2,双,小
2026-08-06 12:04:14,85106053,0000000005129d8595188fb2170c2d01c33cd3eeb540812f6bd914b564a2fa83,a2fa83,3,单,小
2026-08-06 12:04:50,85106065,0000000005129d91e7421de971f396cc282147a003b051e53aaadd33ba4282dc,4282dc,2,双,小
2026-08-06 12:05:38,85106081,0000000005129da16c37c397a805911c488eb60514d97fbe597732bb903c1c8b,3c1c8b,8,双,大
2026-08-06 12:06:19,85106094,0000000005129dae363b9fb3fe6e20e1eb15a3fd8db29c617762c391c6344615,344615,5,单,大
2026-08-06 12:07:00,85106108,0000000005129dbc907ae30c1fc7246a58b9b541147b3624184e9aec908d173f,8d173f,3,单,小
2026-08-06 12:07:48,85106124,0000000005129dcc9587f75715631e2cb8daf793c5f6d912c9b3f6592497dae3,97dae3,3,单,小
2026-08-06 12:08:29,85106138,0000000005129ddabb4a9b9e85514dabe8f61d28abf3c4f0491c5a7617e4b6ca,e4b6ca,6,双,大
2026-08-06 12:09:06,85106150,0000000005129de6880f8ec6997ffc4010241b9dae848fd5f7078eb8c4d1d621,d1d621,1,单,小
2026-08-06 12:09:43,85106163,0000000005129df3266ae609f265b00f8282f31dad988c56d487efd1a9a95b45,a95b45,5,单,大
2026-08-06 12:10:20,85106175,0000000005129dffa0ef2f4b595a80e3c15177dcae7c32873464067389e13549,e13549,9,单,大
2026-08-06 12:10:57,85106186,0000000005129e0adf59d99e73d75a294266eb72bb843d57e8067177624c4326,4c4326,6,双,大
2026-08-06 12:11:34,85106198,0000000005129e1602985e659e078ce8b50279986ca72efc315c6c8effa46dbb,a46dbb,6,双,大
2026-08-06 12:12:14,85106212,0000000005129e243c55a47bdb95ade236d95a5d6621d75c27eadf5271565b44,565b44,4,双,小
2026-08-06 12:12:58,85106228,0000000005129e3469228aef00deddf856f9e028c3d8678c8c33393c0668b327,68b327,7,单,大
2026-08-06 12:13:35,85106240,0000000005129e40a5de6440452e1bf8fde061db4f87ca2cce908e5960cdeefa,cdeefa,0,双,小
2026-08-06 12:14:16,85106253,0000000005129e4dc8c6bce847717822d1e115c2ecccd53abbc1212f5ea45cff,a45cff,5,单,大
2026-08-06 12:14:53,85106265,0000000005129e5976b77090eb533f0f535d7554048a9d8b2d27e699950940d9,0940d9,9,单,大
2026-08-06 12:15:33,85106279,0000000005129e67b292c78770673f1977a355949af9cc3cfb7d631e84ea4235,ea4235,5,单,大
2026-08-06 12:16:18,85106293,0000000005129e7597fab54f32adbf59f9c0fb7136acd933a22d3904eb5b2d59,5b2d59,9,单,大
2026-08-06 12:16:54,85106305,0000000005129e81dff2c762d5a0bbb9213721715de5259dfec3e689eec708fa,c708fa,8,双,大
2026-08-06 12:17:35,85106320,0000000005129e90c48a60f0c1090d80dc86b2c4b6daeb5bde11d981a8b62430,b62430,0,双,小
2026-08-06 12:18:12,85106333,0000000005129e9d153e61cc47d982ae87aad32b9ccecaa79ddfac7462d13162,d13162,2,双,小
2026-08-06 12:18:49,85106345,0000000005129ea984998bb6684a39e13466632719711cc7aaa4935ea1ec3d34,ec3d34,4,双,小
2026-08-06 12:19:30,85106358,0000000005129eb6dd82009261b580086217c1f010262d5eabd842cfb5e62ba9,e62ba9,9,单,大
2026-08-06 12:20:11,85106372,0000000005129ec427c517c719925509dcb9f63590dafb1502ee10bac7070b6c,070b6c,6,双,大
2026-08-06 12:20:48,85106384,0000000005129ed0c9b59260b1ffc61dcbbd093ef05cafbf65c5c576b89abd35,9abd35,5,单,大
2026-08-06 12:21:25,85106396,0000000005129edc4a8f279babfcb374c72d29f0bc25e2d2f1cbf74748e560e1,e560e1,1,单,小
2026-08-06 12:22:05,85106410,0000000005129eea3d435cb9e5543258f14f9c0d44f6ff920a93e7ec6a9d4b17,9d4b17,7,单,大
2026-08-06 12:22:46,85106424,0000000005129ef88c71fb9a9f84220c17eab69f521afb3fa6a3b336b284beff,84beff,4,双,小
2026-08-06 12:23:30,85106438,0000000005129f06ffe181978a518cab27833e4ecb2f15dc7c79fa265cc6303b,c6303b,3,单,小
2026-08-06 12:24:07,85106450,0000000005129f12379cf05a36e42d2f85eb3be79f0c4a4f921f410f87d04f19,d04f19,9,单,大
2026-08-06 12:24:44,85106463,0000000005129f1f03b718f5ad0f8cdd0312f59b862553e6f62595466dd44f52,d44f52,2,双,小
2026-08-06 12:25:24,85106476,0000000005129f2c34ebbc2e85f049977115ce58ef63f9a9821727bd05acab7b,acab7b,7,单,大
2026-08-06 12:26:01,85106489,0000000005129f391c56e4edac867dc4b25d12684aaa45d26e45df2ae18de88e,8de88e,8,双,大
2026-08-06 12:26:39,85106502,0000000005129f46f7ab4d4e852c0eb61d680e1ce2cd42f0b5ec01901c80c2a5,80c2a5,5,单,大
2026-08-06 12:27:19,85106514,0000000005129f5246f58797e073777f2c2769f31483c60096c18705fa11e160,11e160,0,双,小
2026-08-06 12:28:00,85106529,0000000005129f6103b735cd44db678d895ea9d994e69188acf50f2b8b098e3f,098e3f,3,单,小
2026-08-06 12:28:40,85106541,0000000005129f6d8f910db200a0b726e4df1176e2f4b40f03bb2dc69da5445b,a5445b,5,单,大
2026-08-06 12:29:17,85106554,0000000005129f7ad24ecfa478da5332af9acaa4eade9f6edb12f8faaefe65e0,fe65e0,0,双,小
